"from_id" "from_name" "message" "created_time" "type" "link" "id" "likes_count" "comments_count" "shares_count"
"499646073441042" "Jacek Wilk" "Wydawca wielu lokalnych gazet urządził  konkurs piękności  z okazji obecnej kampanii wyborczej, nazywając go  prawyborami prezydenckimi 2015 . Zapraszam więc do zabawy - oczywiście ułatwiając Państwu możliwość oddania głosu na moją kandydaturę:  woj. dolnośląskie http://www.gazetawroclawska.pl/plebiscyt/karta/jacek-wilk,26789,1380297,t,id,kid.html  woj. kujawsko-pomorskie http://plebiscyty.pomorska.pl/plebiscyt/karta/jacek-wilk,26791,1380321,t,id,kid.html  woj. łódzkie http://www.dzienniklodzki.pl/plebiscyt/karta/jacek-wilk,26797,1380401,t,id,kid.html  woj. lubelskie http://www.kurierlubelski.pl/plebiscyt/karta/jacek-wilk,26793,1380345,t,id,kid.html  woj. lubuskie http://plebiscyty.gazetalubuska.pl/plebiscyt/karta/jacek-wilk,26795,1380377,t,id,kid.html  woj. małopolskie http://www.gazetakrakowska.pl/plebiscyt/karta/jacek-wilk,26799,1380425,t,id,kid.html  woj. mazowieckie http://www.polskatimes.pl/plebiscyt/karta/jacek-wilk,26801,1380449,t,id,kid.html  woj. opolskie http://plebiscyty.nto.pl/plebiscyt/karta/jacek-wilk,26803,1380473,t,id,kid.html  woj. podkarpackie http://plebiscyty.nowiny24.pl/plebiscyt/karta/jacek-wilk,26811,1380773,t,id,kid.html  woj. podlaskie http://plebiscyty.poranny.pl/plebiscyt/karta/jacek-wilk,26813,1380799,t,id,kid.html  woj. pomorskie: http://www.dziennikbaltycki.pl/plebiscyt/karta/jacek-wilk,26815,1380821,t,id,kid.html  woj.śląskie http://www.dziennikzachodni.pl/plebiscyt/karta/jacek-wilk,26817,1380843,t,id,kid.html  woj. świętokrzyskie http://plebiscyty.echodnia.eu/plebiscyt/karta/jacek-wilk,26819,1380873,t,id,kid.html  woj. warmińsko-mazurskie http://www.polskatimes.pl/plebiscyt/karta/jacek-wilk,26821,1380895,t,id,kid.html  woj. wielkopolskie http://www.gloswielkopolski.pl/plebiscyt/karta/jacek-wilk,26823,1380923,t,id,kid.html  woj. zachodniopomorskie http://plebiscyty.gp24.pl/plebiscyt/karta/jacek-wilk,26825,1380953,t,id,kid.html" "2015-04-04T19:09:43+0000" "link" "http://www.gazetawroclawska.pl/plebiscyt/karta/jacek-wilk,26789,1380297,t,id,kid.html" "499646073441042_840366759368970" 27 12 14
"499646073441042" "Jacek Wilk" "Oczywiście byliśmy dzisiaj ze święconką..." "2015-04-04T17:11:27+0000" "photo" "https://www.facebook.com/JacekWilkPL/photos/a.627127774026204.1073741827.499646073441042/840329706039342/?type=1" "499646073441042_840330026039310" 231 8 6
"499646073441042" "Jacek Wilk" "Czas świąt Zmartwychwstania Pańskiego jest okresem radości, umocnienia wiary i nieustanną nadzieją dla wszystkich chrześcijan. Przeżywamy je wraz z najbliższymi, pamiętając o przeszłych pokoleniach, które zasnęły w Panu i życząc wszystkim obfitości łask Bożych - czego i Państwu życzę...  Wesołego Alleluja!" "2015-04-04T12:29:19+0000" "photo" "https://www.facebook.com/JacekWilkPL/photos/a.627127774026204.1073741827.499646073441042/840171419388504/?type=1" "499646073441042_840174666054846" 69 4 3
"499646073441042" "Jacek Wilk" "Nagranie wczorajszego TAK czy NIE - zapraszam do obejrzenia (np. między przygotowywaniem sałatki a pieczeniem ciasta) :-)" "2015-04-04T12:13:10+0000" "video" "https://www.facebook.com/video.php?v=806260919467059" "499646073441042_840169619388684" 36 7 0
"499646073441042" "Jacek Wilk" "Backstage dzisiejszej sesji zdjęciowej - efekty wkrótce :-))  A za pół godziny w TAK czy NIE w Polsat News!" "2015-04-03T18:57:55+0000" "photo" "https://www.facebook.com/JacekWilkPL/photos/a.627127774026204.1073741827.499646073441042/839870749418571/?type=1" "499646073441042_839870999418546" 70 8 1
"499646073441042" "Jacek Wilk" "Jest już mój występ w Superstacji." "2015-04-03T16:04:23+0000" "video" "https://www.facebook.com/video.php?v=806096569483494" "499646073441042_839801489425497" 33 7 0
"499646073441042" "Jacek Wilk" "Zapraszam na 21.30 do programu TAK CZY NIE (Polsat News).  Będę rozmawiał z szefem Krajowego Centrum Bezpieczeństwa Ruchu Drogowego panem Jackiem Zalewskim nt nowelizacji i zaostrzenia przepisów - kary za przekroczenie prędkości - w tym zabierania prawa jazdy na 3 miesiące za przekroczenie 50km/h.   Będzie to więc rozmowa o tym czy warto wciąż zaostrzać przepisy i aż tak mocno karać obywateli.   ZAPRASZAM!" "2015-04-03T14:29:01+0000" "status" NA "499646073441042_839763372762642" 61 11 6
"499646073441042" "Jacek Wilk" "O 16.00 będę w programie  Raport  tv Superstacja. Będzie o kolejnych odsłonach afery podsłuchowej. Zapraszam!" "2015-04-03T11:11:16+0000" "status" NA "499646073441042_839701162768863" 27 2 2
"499646073441042" "Jacek Wilk" "Relacja KNPWEBTV z dzisiejszej konferencji prasowej:  Rząd Platformy jedynie trwa, a gromadzą się ciemne chmury burzowe - Jacek Wilk, kandydat Kongresu Nowej Prawicy na prezydenta RP, konferencja prasowa podsumowująca półroczny okres rządu premierki Ewy Kopacz https://www.youtube.com/watch?v=jXdoyagEsO8  Polecam Państwa uwadze profil telewizji internetowej KNPWEBTV, która relacjonuje wydarzenia z mojej kampanii: https://www.facebook.com/KNPWEBTV" "2015-04-02T18:21:39+0000" "video" "https://www.youtube.com/watch?v=jXdoyagEsO8" "499646073441042_839386956133617" 48 9 18
"499646073441042" "Jacek Wilk" "Trwa spotkanie w Białymstoku..." "2015-04-01T15:50:25+0000" "photo" "https://www.facebook.com/JacekWilkPL/photos/a.627127774026204.1073741827.499646073441042/838789052860074/?type=1" "499646073441042_838789192860060" 100 30 0
"499646073441042" "Jacek Wilk" "Relacja TVP Info z dzisiejszego programu.   Cały program do obejrzenia tutaj: http://vod.tvp.pl/audycje/publicystyka/polityka-przy-kawie/wideo/01042015-0815/19219085" "2015-04-01T09:23:51+0000" "link" "http://www.tvp.info/19489678/in-vitro-jest-calkowitym-pogwalceniem-praw-natury-nie-mozna-ludziom-lamac-sumienia-i-zmuszac-do-wspolfinansowania" "499646073441042_838661152872864" 80 31 20
"499646073441042" "Jacek Wilk" "Pierwszy - najtrudniejszy - etap kampanii już za nami, teraz drugi - najważniejszy! My nie mamy - jak partie głównego nurtu - milionów na kampanię skradzionych Wam w podatkch. Jesteśmy silni tylko pomocą naszych sympatyków. Każdy z Was może pomóc - tak jak ważny był KAŻDY podpis, tak samo ważna jest KAŻDA złotówka! To jak, uzbieramy razem co najmniej tyle samo złotówek co podpisów? Bardzo Was proszę o pomoc!" "2015-03-31T19:49:52+0000" "photo" "https://www.facebook.com/JacekWilkPL/photos/a.627127774026204.1073741827.499646073441042/838411072897872/?type=1" "499646073441042_838411252897854" 41 11 20
"499646073441042" "Jacek Wilk" "Mój konkurent, pan Andrzej Duda, stwierdził dziś, że musimy przywrócić Polskę na drogę rozwoju gospodarczego.   Pełna zgoda.  Z tym, że zrobić to mogą jedynie niskie podatki, wolność gospodarcza i przejrzyste prawo, a nie PiSowski socjalizm." "2015-03-31T18:41:35+0000" "photo" "https://www.facebook.com/JacekWilkPL/photos/a.627127774026204.1073741827.499646073441042/838386716233641/?type=1" "499646073441042_838386746233638" 390 12 53
"499646073441042" "Jacek Wilk" "Jutro o 8.15 będę w TVP 1. Będę miał zaszczyt wystąpić razem z Marianem Kowalskim z Ruchu Narodowego. Zapraszam!" "2015-03-31T15:00:32+0000" "status" NA "499646073441042_838296022909377" 114 18 8
"499646073441042" "Jacek Wilk" "Podatki dochodowe muszą być zlikwidowane, bo bardziej wszystkim szkodzą i przynoszą państwu mniejszy zysk niż korzyści - przekonuje kandydat Kongresu Nowej Prawicy Jacek Wilk.   Zapraszam do odsłuchania mojego występu w Polskim Radiu." "2015-03-31T12:50:47+0000" "link" "http://www.polskieradio.pl/7/15/Artykul/1411220,Jacek-Wilk-praca-opodatkowana-w-Polsce-jak-wodka" "499646073441042_838242689581377" 138 12 20
"499646073441042" "Jacek Wilk" "O 12:20 zapraszam do Polskiego Radia program 1" "2015-03-31T07:23:01+0000" "status" NA "499646073441042_838163606255952" 30 2 1
"499646073441042" "Jacek Wilk" "Ekonomiści szacują, że dzięki spadkowi ceny ropy w kieszeni konsumentów zostanie prawie 4,4 mld zł, a firmy będą mogły w tym czasie wydać na inwestycje dodatkowe około 2,8 mld zł. W tym wariancie tylko dzięki spadkowi cen ropy realna konsumpcja prywatna w Polsce w latach 2014-16 wzrośnie łącznie o 0,4 proc. wobec poziomu z 2013 r., a realne inwestycje ogółem w latach 2014-16 będą łącznie wyższe o 0,8 proc. w stosunku do 2013 r. Spowoduje to wzrost PKB w tym okresie — o 0,6 proc.  A teraz wyobraźmy sobie, jakie skutki przyniosłaby obniżka akcyzy i podatków, które stanowią około połowę ceny paliw. Niestety do naszych rządzących nie docierają najprostsze prawdy ekonomiczne." "2015-03-30T11:23:57+0000" "link" "http://www.pb.pl/4041198,36357,ile-zarobimy-na-taniej-ropie" "499646073441042_837766119629034" 277 11 53
"499646073441042" "Jacek Wilk" "Informuję, że p. Krzysztof Szpanelewski podał się do dymisji i nie pełni już funkcji szefa sztabu mojej kampanii. Dziękuję p. Szpanelewskiemu za dotychczasową współpracę." "2015-03-29T14:14:03+0000" "status" NA "499646073441042_837332013005778" 202 39 3
"499646073441042" "Jacek Wilk" "Konferencja prasowa w Gdańsku" "2015-03-28T13:24:45+0000" "photo" "https://www.facebook.com/JacekWilkPL/photos/a.635947089810939.1073741830.499646073441042/836850646387248/?type=1" "499646073441042_836850689720577" 57 10 3
"499646073441042" "Jacek Wilk" "Zapraszam na dzisiejsze spotkania w Gdyni i Gdańsku https://www.facebook.com/events/883103961753137/ https://www.facebook.com/events/348996258625633/" "2015-03-28T10:51:11+0000" "event" "https://www.facebook.com/events/348996258625633/" "499646073441042_836804776391835" 18 3 0
"499646073441042" "Jacek Wilk" "Jutro o 10 będę w Bytowie." "2015-03-27T22:38:34+0000" "photo" "https://www.facebook.com/JacekWilkPL/photos/a.635947089810939.1073741830.499646073441042/836607719744874/?type=1" "499646073441042_836607756411537" 19 1 1
"499646073441042" "Jacek Wilk" "Pan Maciej napisał swego czasu, że nie wierzy w to, że uda mi się zarejestrować, a jeśli tego dokonam, to podeśle swoje zdjęcie w spódnicy. Dotrzymał obietnicy, co się ceni :-))" "2015-03-27T20:57:34+0000" "photo" "https://www.facebook.com/JacekWilkPL/photos/a.627127774026204.1073741827.499646073441042/836573039748342/?type=1" "499646073441042_836577853081194" 275 29 4
"499646073441042" "Jacek Wilk" "Do zobaczenia jutro!" "2015-03-27T16:52:21+0000" "photo" "https://www.facebook.com/KongresNowejPrawicy/photos/a.723611384346104.1073741846.204922816214966/964424866931420/?type=1" "499646073441042_836500363088943" 31 7 0
"499646073441042" "Jacek Wilk" "PKW oficjalnie zarejestrowała już moją kandydaturę, a więc jest już pewne, że 10 maja moje nazwisko znajdzie się na karcie wyborczej!  Dziękuję wszystkim, którzy pomagali w zbiórce podpisów, dzięki czemu udało się nam to osiągnąć. Przed nami teraz ciężki okres właściwej kampanii wyborczej!  PS. Gdzie ten Pan, co obiecywał zdjęcie w sukience? :-))" "2015-03-26T14:57:59+0000" "photo" "https://www.facebook.com/JacekWilkPL/photos/a.627127774026204.1073741827.499646073441042/835978139807832/?type=1" "499646073441042_835979419807704" 215 28 24
"499646073441042" "Jacek Wilk" "...a tak w ogóle to podpisy już policzone (PKW skończyła liczyć wczoraj ok. 20.00; odrzucono tylko ok 0,5% podpisów!); czekamy na uchwałę PKW!" "2015-03-26T08:46:50+0000" "status" NA "499646073441042_835866329819013" 99 18 3
"499646073441042" "Jacek Wilk" "Jutro o 7.35 będę gościem pana redaktora Bartosza Kurka w telewizji Polsat News. Zapraszam ranne ptaszki przed teleodbiorniki :-)" "2015-03-25T22:05:40+0000" "status" NA "499646073441042_835664043172575" 41 10 0
"499646073441042" "Jacek Wilk" "Dla nas - żadna nowa wiadomość.  Dlatego jeśli nie możemy póki co całkowicie znieść podatków dochodowych, to postuluję ustanowienie kwoty wolnej od podatku na poziomie najwyższym w Europie!" "2015-03-25T20:56:26+0000" "link" "http://www.polskieradio.pl/42/276/Artykul/1406867,Podatki-wypychaja-mlodych-Polakow-na-emigracje" "499646073441042_835645193174460" 83 6 11
"499646073441042" "Jacek Wilk" "A tu do wysłuchania moja wizyta w Radio Plus." "2015-03-25T19:49:00+0000" "link" "http://www.radioplus.pl/program-czytaj/1163/89436/gosciem_sedna_sprawy_byl_jacek_wilk_kandydat_na_prezydenta_rp" "499646073441042_835613723177607" 31 12 5
"499646073441042" "Jacek Wilk" "Czego to ludzie nie wymyślą..." "2015-03-25T14:32:16+0000" "link" "https://www.facebook.com/misjakapitalizm/posts/452146841605471" "499646073441042_835486233190356" 20 19 0
"499646073441042" "Jacek Wilk" "...a tu pełna relacja z wczorajszej konferencji pod PKW:" "2015-03-25T14:15:17+0000" "video" "https://www.facebook.com/video.php?v=962573693783204" "499646073441042_835480253190954" 33 5 0
"499646073441042" "Jacek Wilk" "TAK TAK - KNP jest pierwszą w historii Polski partią, której dwóch członków wystartowało JEDNOCZEŚNIE w wyborach na Prezydenta RP :-)) I kto jest debeściakiem??? :-)))" "2015-03-25T13:29:20+0000" "link" "http://www.mpolska24.pl/post/8396/tego-jeszcze-nie-bylo-dwoch-kandydatow-z-jednej-partii" "499646073441042_835461543192825" 176 34 11
"499646073441042" "Jacek Wilk" "Wieści z placu boju (liczenie podpisów): PKW ODRZUCA MNIEJ NIŻ PÓŁ PROCENTA PODPISÓW! Osoby liczące mówią, że nasze podpisy są  genialne  :-))) (niedługo koniec liczenia). Tym większe podziękowania dla wszystkich, którzy przeprowadzali zbiórkę w terenia, lokalnych koordynatorów oraz naszych Mistrzów w Centrali!" "2015-03-25T13:23:34+0000" "photo" "https://www.facebook.com/456123517872167/photos/a.458911174260068.1073741828.456123517872167/480430872108098/?type=1" "499646073441042_835459543193025" 42 3 0
"499646073441042" "Jacek Wilk" "Jutro o 8.45 bede w radio PLUS; zapraszam do słuchania" "2015-03-24T18:26:07+0000" "status" NA "499646073441042_835121453226834" 44 5 1
"499646073441042" "Jacek Wilk" "Onet.pl z lekkim niedowierzaniem (bezcenne :-)):" "2015-03-24T17:06:53+0000" "link" "http://wiadomosci.onet.pl/kraj/jacek-wilk-zlozyl-w-pkw-podpisy-do-rejestracji-w-wyborach-prezydenckich/8eplm8" "499646073441042_835094773229502" 227 10 9
"499646073441042" "Jacek Wilk" "...a już po zataszczeniu do PKW 150 000 podpisów przyszło na Wilczą kolejne parawie 10 000 a wiele następnych tysięcy ciągle spływa! Do czwartku dobijemy do 200 000 !!   A na zdjęciu nasz bohater - Krajowy Koordynator Zbiórki Podpisów, Pan Michał Kakietek - który potrafi dokonywać rzeczy naprawdę niesamowitych i wycisnąć podpisy (i to w niespotykanych ilościach) dosłownie od każdego :-)) Brawa i ogromne podziękowania dla Pana Michała!! Takich ludzi jest oczywiście w KNP cała armia i w następnych dniach z pewnością o wielu z nich usłyszycie :-)" "2015-03-24T14:13:20+0000" "photo" "https://www.facebook.com/KrzysztofSzpanelewskiEuro2014/photos/a.865839460101000.1073741828.766243230060624/952978168053795/?type=1" "499646073441042_835024689903177" 80 4 0
"499646073441042" "Jacek Wilk" "Dziś pod PKW" "2015-03-24T13:19:33+0000" "photo" "https://www.facebook.com/JacekWilkPL/photos/a.635947089810939.1073741830.499646073441042/834998159905830/?type=1" "499646073441042_834998189905827" 325 27 16
"499646073441042" "Jacek Wilk" "...i mam nadzieję, że media publiczne nie będą dalej udawać, że nie ma innych kandydatów - poza postokrągłostołowymi!" "2015-03-24T10:15:35+0000" "photo" "https://www.facebook.com/NorbertCzarnekPolitician/photos/a.546605278787938.1073741828.546548145460318/742827219165742/?type=1" "499646073441042_834940166578296" 110 10 0
"499646073441042" "Jacek Wilk" "Gratuluję kolegom z Wrocławia! KNP zbierało podpisy na wszystkich kandydatów antysystemowych dając tym samym wyraźny, silny sygnał, że jesteśmy gotowi do współpracy środowisk, które chcą zmieniać Polskę!" "2015-03-23T19:52:05+0000" "video" "https://www.youtube.com/watch?v=Iqpw-wMsjY4" "499646073441042_834600536612259" 117 15 10
"499646073441042" "Jacek Wilk" "Jesteśmy gotowi, jutro rejestracja :-))" "2015-03-23T19:31:31+0000" "photo" "https://www.facebook.com/JacekWilkPL/photos/a.627127774026204.1073741827.499646073441042/834590833279896/?type=1" "499646073441042_834590909946555" 305 26 38
"499646073441042" "Jacek Wilk" "Jutro o 7.30 będę gościem pana redaktora Skowrońskiego w Radio Wnet; zapraszam do słuchania www.radiownet.pl" "2015-03-23T15:49:13+0000" "link" "http://www.radiownet.pl/" "499646073441042_834501873288792" 21 2 4
"499646073441042" "Jacek Wilk" "Dla zainteresowanych - można już obejrzeć videorelację z wczorajszej debaty:" "2015-03-23T14:56:28+0000" "video" "https://www.youtube.com/watch?v=BQPDD8D55wM" "499646073441042_834479343291045" 22 6 5
"499646073441042" "Jacek Wilk" "Wszystkim dziękuję za bardzo liczne przybycie, a niezależnym mediom - za rzetelną i merytoryczną relację! Miło mi również poinformować, że wygrałem w przeprowadzonym w trakcie debaty głosowniu na najlepszego kandydata. Bardzo dziękuję za fantastyczna dyskusję, super atmosferę i okazane zaufanie - oby wiecej takich debat w przyszłości!!" "2015-03-23T10:48:32+0000" "link" "http://wmeritum.pl/debata-antysystemowych-kandydatow-na-prezydenta-rp/" "499646073441042_834394183299561" 110 21 12
"499646073441042" "Jacek Wilk" "Wydawca wielu lokalnych gazet urządził  konkurs piękności  z okazji obecnej kampanii wyborczej, nazywając go  prawyborami prezydenckimi 2015 . Zapraszam więc do zabawy - oczywiście ułatwiając Państwu możliwość oddania głosu na moją kandydaturę:  woj. dolnośląskie http://www.gazetawroclawska.pl/plebiscyt/karta/jacek-wilk,26789,1380297,t,id,kid.html  woj. kujawsko-pomorskie http://plebiscyty.pomorska.pl/plebiscyt/karta/jacek-wilk,26791,1380321,t,id,kid.html  woj. łódzkie http://www.dzienniklodzki.pl/plebiscyt/karta/jacek-wilk,26797,1380401,t,id,kid.html  woj. lubelskie http://www.kurierlubelski.pl/plebiscyt/karta/jacek-wilk,26793,1380345,t,id,kid.html  woj. lubuskie http://plebiscyty.gazetalubuska.pl/plebiscyt/karta/jacek-wilk,26795,1380377,t,id,kid.html  woj. małopolskie http://www.gazetakrakowska.pl/plebiscyt/karta/jacek-wilk,26799,1380425,t,id,kid.html  woj. mazowieckie http://www.polskatimes.pl/plebiscyt/karta/jacek-wilk,26801,1380449,t,id,kid.html  woj. opolskie http://plebiscyty.nto.pl/plebiscyt/karta/jacek-wilk,26803,1380473,t,id,kid.html  woj. podkarpackie http://plebiscyty.nowiny24.pl/plebiscyt/karta/jacek-wilk,26811,1380773,t,id,kid.html  woj. podlaskie http://plebiscyty.poranny.pl/plebiscyt/karta/jacek-wilk,26813,1380799,t,id,kid.html  woj. pomorskie: http://www.dziennikbaltycki.pl/plebiscyt/karta/jacek-wilk,26815,1380821,t,id,kid.html  woj.śląskie http://www.dziennikzachodni.pl/plebiscyt/karta/jacek-wilk,26817,1380843,t,id,kid.html  woj. świętokrzyskie http://plebiscyty.echodnia.eu/plebiscyt/karta/jacek-wilk,26819,1380873,t,id,kid.html  woj. warmińsko-mazurskie http://www.polskatimes.pl/plebiscyt/karta/jacek-wilk,26821,1380895,t,id,kid.html  woj. wielkopolskie http://www.gloswielkopolski.pl/plebiscyt/karta/jacek-wilk,26823,1380923,t,id,kid.html  woj. zachodniopomorskie http://plebiscyty.gp24.pl/plebiscyt/karta/jacek-wilk,26825,1380953,t,id,kid.html" "2015-04-04T19:09:43+0000" "link" "http://www.gazetawroclawska.pl/plebiscyt/karta/jacek-wilk,26789,1380297,t,id,kid.html" "499646073441042_840366759368970" 28 13 14
"499646073441042" "Jacek Wilk" "Oczywiście byliśmy dzisiaj ze święconką..." "2015-04-04T17:11:27+0000" "photo" "https://www.facebook.com/JacekWilkPL/photos/a.627127774026204.1073741827.499646073441042/840329706039342/?type=1" "499646073441042_840330026039310" 239 8 6
"499646073441042" "Jacek Wilk" "Czas świąt Zmartwychwstania Pańskiego jest okresem radości, umocnienia wiary i nieustanną nadzieją dla wszystkich chrześcijan. Przeżywamy je wraz z najbliższymi, pamiętając o przeszłych pokoleniach, które zasnęły w Panu i życząc wszystkim obfitości łask Bożych - czego i Państwu życzę...  Wesołego Alleluja!" "2015-04-04T12:29:19+0000" "photo" "https://www.facebook.com/JacekWilkPL/photos/a.627127774026204.1073741827.499646073441042/840171419388504/?type=1" "499646073441042_840174666054846" 71 4 3
"499646073441042" "Jacek Wilk" "Nagranie wczorajszego TAK czy NIE - zapraszam do obejrzenia (np. między przygotowywaniem sałatki a pieczeniem ciasta) :-)" "2015-04-04T12:13:10+0000" "video" "https://www.facebook.com/video.php?v=806260919467059" "499646073441042_840169619388684" 36 7 0
"499646073441042" "Jacek Wilk" "Backstage dzisiejszej sesji zdjęciowej - efekty wkrótce :-))  A za pół godziny w TAK czy NIE w Polsat News!" "2015-04-03T18:57:55+0000" "photo" "https://www.facebook.com/JacekWilkPL/photos/a.627127774026204.1073741827.499646073441042/839870749418571/?type=1" "499646073441042_839870999418546" 72 9 1
"499646073441042" "Jacek Wilk" "Jest już mój występ w Superstacji." "2015-04-03T16:04:23+0000" "video" "https://www.facebook.com/video.php?v=806096569483494" "499646073441042_839801489425497" 33 7 0
"499646073441042" "Jacek Wilk" "Zapraszam na 21.30 do programu TAK CZY NIE (Polsat News).  Będę rozmawiał z szefem Krajowego Centrum Bezpieczeństwa Ruchu Drogowego panem Jackiem Zalewskim nt nowelizacji i zaostrzenia przepisów - kary za przekroczenie prędkości - w tym zabierania prawa jazdy na 3 miesiące za przekroczenie 50km/h.   Będzie to więc rozmowa o tym czy warto wciąż zaostrzać przepisy i aż tak mocno karać obywateli.   ZAPRASZAM!" "2015-04-03T14:29:01+0000" "status" NA "499646073441042_839763372762642" 61 11 6
"499646073441042" "Jacek Wilk" "O 16.00 będę w programie  Raport  tv Superstacja. Będzie o kolejnych odsłonach afery podsłuchowej. Zapraszam!" "2015-04-03T11:11:16+0000" "status" NA "499646073441042_839701162768863" 27 2 2
"499646073441042" "Jacek Wilk" "Relacja KNPWEBTV z dzisiejszej konferencji prasowej:  Rząd Platformy jedynie trwa, a gromadzą się ciemne chmury burzowe - Jacek Wilk, kandydat Kongresu Nowej Prawicy na prezydenta RP, konferencja prasowa podsumowująca półroczny okres rządu premierki Ewy Kopacz https://www.youtube.com/watch?v=jXdoyagEsO8  Polecam Państwa uwadze profil telewizji internetowej KNPWEBTV, która relacjonuje wydarzenia z mojej kampanii: https://www.facebook.com/KNPWEBTV" "2015-04-02T18:21:39+0000" "video" "https://www.youtube.com/watch?v=jXdoyagEsO8" "499646073441042_839386956133617" 48 9 18
"499646073441042" "Jacek Wilk" "Trwa spotkanie w Białymstoku..." "2015-04-01T15:50:25+0000" "photo" "https://www.facebook.com/JacekWilkPL/photos/a.627127774026204.1073741827.499646073441042/838789052860074/?type=1" "499646073441042_838789192860060" 100 30 0
"499646073441042" "Jacek Wilk" "Relacja TVP Info z dzisiejszego programu.   Cały program do obejrzenia tutaj: http://vod.tvp.pl/audycje/publicystyka/polityka-przy-kawie/wideo/01042015-0815/19219085" "2015-04-01T09:23:51+0000" "link" "http://www.tvp.info/19489678/in-vitro-jest-calkowitym-pogwalceniem-praw-natury-nie-mozna-ludziom-lamac-sumienia-i-zmuszac-do-wspolfinansowania" "499646073441042_838661152872864" 80 31 20
"499646073441042" "Jacek Wilk" "Pierwszy - najtrudniejszy - etap kampanii już za nami, teraz drugi - najważniejszy! My nie mamy - jak partie głównego nurtu - milionów na kampanię skradzionych Wam w podatkch. Jesteśmy silni tylko pomocą naszych sympatyków. Każdy z Was może pomóc - tak jak ważny był KAŻDY podpis, tak samo ważna jest KAŻDA złotówka! To jak, uzbieramy razem co najmniej tyle samo złotówek co podpisów? Bardzo Was proszę o pomoc!" "2015-03-31T19:49:52+0000" "photo" "https://www.facebook.com/JacekWilkPL/photos/a.627127774026204.1073741827.499646073441042/838411072897872/?type=1" "499646073441042_838411252897854" 41 11 22
"499646073441042" "Jacek Wilk" "Mój konkurent, pan Andrzej Duda, stwierdził dziś, że musimy przywrócić Polskę na drogę rozwoju gospodarczego.   Pełna zgoda.  Z tym, że zrobić to mogą jedynie niskie podatki, wolność gospodarcza i przejrzyste prawo, a nie PiSowski socjalizm." "2015-03-31T18:41:35+0000" "photo" "https://www.facebook.com/JacekWilkPL/photos/a.627127774026204.1073741827.499646073441042/838386716233641/?type=1" "499646073441042_838386746233638" 390 12 53
"499646073441042" "Jacek Wilk" "Jutro o 8.15 będę w TVP 1. Będę miał zaszczyt wystąpić razem z Marianem Kowalskim z Ruchu Narodowego. Zapraszam!" "2015-03-31T15:00:32+0000" "status" NA "499646073441042_838296022909377" 114 18 8
"499646073441042" "Jacek Wilk" "Podatki dochodowe muszą być zlikwidowane, bo bardziej wszystkim szkodzą i przynoszą państwu mniejszy zysk niż korzyści - przekonuje kandydat Kongresu Nowej Prawicy Jacek Wilk.   Zapraszam do odsłuchania mojego występu w Polskim Radiu." "2015-03-31T12:50:47+0000" "link" "http://www.polskieradio.pl/7/15/Artykul/1411220,Jacek-Wilk-praca-opodatkowana-w-Polsce-jak-wodka" "499646073441042_838242689581377" 138 12 20
"499646073441042" "Jacek Wilk" "O 12:20 zapraszam do Polskiego Radia program 1" "2015-03-31T07:23:01+0000" "status" NA "499646073441042_838163606255952" 30 2 1
"499646073441042" "Jacek Wilk" "Ekonomiści szacują, że dzięki spadkowi ceny ropy w kieszeni konsumentów zostanie prawie 4,4 mld zł, a firmy będą mogły w tym czasie wydać na inwestycje dodatkowe około 2,8 mld zł. W tym wariancie tylko dzięki spadkowi cen ropy realna konsumpcja prywatna w Polsce w latach 2014-16 wzrośnie łącznie o 0,4 proc. wobec poziomu z 2013 r., a realne inwestycje ogółem w latach 2014-16 będą łącznie wyższe o 0,8 proc. w stosunku do 2013 r. Spowoduje to wzrost PKB w tym okresie — o 0,6 proc.  A teraz wyobraźmy sobie, jakie skutki przyniosłaby obniżka akcyzy i podatków, które stanowią około połowę ceny paliw. Niestety do naszych rządzących nie docierają najprostsze prawdy ekonomiczne." "2015-03-30T11:23:57+0000" "link" "http://www.pb.pl/4041198,36357,ile-zarobimy-na-taniej-ropie" "499646073441042_837766119629034" 277 11 53
"499646073441042" "Jacek Wilk" "Informuję, że p. Krzysztof Szpanelewski podał się do dymisji i nie pełni już funkcji szefa sztabu mojej kampanii. Dziękuję p. Szpanelewskiemu za dotychczasową współpracę." "2015-03-29T14:14:03+0000" "status" NA "499646073441042_837332013005778" 202 39 3
"499646073441042" "Jacek Wilk" "Konferencja prasowa w Gdańsku" "2015-03-28T13:24:45+0000" "photo" "https://www.facebook.com/JacekWilkPL/photos/a.635947089810939.1073741830.499646073441042/836850646387248/?type=1" "499646073441042_836850689720577" 57 10 3
"499646073441042" "Jacek Wilk" "Zapraszam na dzisiejsze spotkania w Gdyni i Gdańsku https://www.facebook.com/events/883103961753137/ https://www.facebook.com/events/348996258625633/" "2015-03-28T10:51:11+0000" "event" "https://www.facebook.com/events/348996258625633/" "499646073441042_836804776391835" 18 3 0
"499646073441042" "Jacek Wilk" "Jutro o 10 będę w Bytowie." "2015-03-27T22:38:34+0000" "photo" "https://www.facebook.com/JacekWilkPL/photos/a.635947089810939.1073741830.499646073441042/836607719744874/?type=1" "499646073441042_836607756411537" 19 1 1
"499646073441042" "Jacek Wilk" "Pan Maciej napisał swego czasu, że nie wierzy w to, że uda mi się zarejestrować, a jeśli tego dokonam, to podeśle swoje zdjęcie w spódnicy. Dotrzymał obietnicy, co się ceni :-))" "2015-03-27T20:57:34+0000" "photo" "https://www.facebook.com/JacekWilkPL/photos/a.627127774026204.1073741827.499646073441042/836573039748342/?type=1" "499646073441042_836577853081194" 275 29 4
"499646073441042" "Jacek Wilk" "Do zobaczenia jutro!" "2015-03-27T16:52:21+0000" "photo" "https://www.facebook.com/KongresNowejPrawicy/photos/a.723611384346104.1073741846.204922816214966/964424866931420/?type=1" "499646073441042_836500363088943" 31 7 0
"499646073441042" "Jacek Wilk" "PKW oficjalnie zarejestrowała już moją kandydaturę, a więc jest już pewne, że 10 maja moje nazwisko znajdzie się na karcie wyborczej!  Dziękuję wszystkim, którzy pomagali w zbiórce podpisów, dzięki czemu udało się nam to osiągnąć. Przed nami teraz ciężki okres właściwej kampanii wyborczej!  PS. Gdzie ten Pan, co obiecywał zdjęcie w sukience? :-))" "2015-03-26T14:57:59+0000" "photo" "https://www.facebook.com/JacekWilkPL/photos/a.627127774026204.1073741827.499646073441042/835978139807832/?type=1" "499646073441042_835979419807704" 215 28 24
"499646073441042" "Jacek Wilk" "...a tak w ogóle to podpisy już policzone (PKW skończyła liczyć wczoraj ok. 20.00; odrzucono tylko ok 0,5% podpisów!); czekamy na uchwałę PKW!" "2015-03-26T08:46:50+0000" "status" NA "499646073441042_835866329819013" 99 18 3
"499646073441042" "Jacek Wilk" "Jutro o 7.35 będę gościem pana redaktora Bartosza Kurka w telewizji Polsat News. Zapraszam ranne ptaszki przed teleodbiorniki :-)" "2015-03-25T22:05:40+0000" "status" NA "499646073441042_835664043172575" 41 10 0
"499646073441042" "Jacek Wilk" "Dla nas - żadna nowa wiadomość.  Dlatego jeśli nie możemy póki co całkowicie znieść podatków dochodowych, to postuluję ustanowienie kwoty wolnej od podatku na poziomie najwyższym w Europie!" "2015-03-25T20:56:26+0000" "link" "http://www.polskieradio.pl/42/276/Artykul/1406867,Podatki-wypychaja-mlodych-Polakow-na-emigracje" "499646073441042_835645193174460" 83 6 11
"499646073441042" "Jacek Wilk" "A tu do wysłuchania moja wizyta w Radio Plus." "2015-03-25T19:49:00+0000" "link" "http://www.radioplus.pl/program-czytaj/1163/89436/gosciem_sedna_sprawy_byl_jacek_wilk_kandydat_na_prezydenta_rp" "499646073441042_835613723177607" 31 12 5
"499646073441042" "Jacek Wilk" "Czego to ludzie nie wymyślą..." "2015-03-25T14:32:16+0000" "link" "https://www.facebook.com/misjakapitalizm/posts/452146841605471" "499646073441042_835486233190356" 20 19 0
"499646073441042" "Jacek Wilk" "...a tu pełna relacja z wczorajszej konferencji pod PKW:" "2015-03-25T14:15:17+0000" "video" "https://www.facebook.com/video.php?v=962573693783204" "499646073441042_835480253190954" 33 5 0
"499646073441042" "Jacek Wilk" "TAK TAK - KNP jest pierwszą w historii Polski partią, której dwóch członków wystartowało JEDNOCZEŚNIE w wyborach na Prezydenta RP :-)) I kto jest debeściakiem??? :-)))" "2015-03-25T13:29:20+0000" "link" "http://www.mpolska24.pl/post/8396/tego-jeszcze-nie-bylo-dwoch-kandydatow-z-jednej-partii" "499646073441042_835461543192825" 176 34 11
"499646073441042" "Jacek Wilk" "Wieści z placu boju (liczenie podpisów): PKW ODRZUCA MNIEJ NIŻ PÓŁ PROCENTA PODPISÓW! Osoby liczące mówią, że nasze podpisy są  genialne  :-))) (niedługo koniec liczenia). Tym większe podziękowania dla wszystkich, którzy przeprowadzali zbiórkę w terenia, lokalnych koordynatorów oraz naszych Mistrzów w Centrali!" "2015-03-25T13:23:34+0000" "photo" "https://www.facebook.com/456123517872167/photos/a.458911174260068.1073741828.456123517872167/480430872108098/?type=1" "499646073441042_835459543193025" 42 3 0
"499646073441042" "Jacek Wilk" "Jutro o 8.45 bede w radio PLUS; zapraszam do słuchania" "2015-03-24T18:26:07+0000" "status" NA "499646073441042_835121453226834" 44 5 1
"499646073441042" "Jacek Wilk" "Onet.pl z lekkim niedowierzaniem (bezcenne :-)):" "2015-03-24T17:06:53+0000" "link" "http://wiadomosci.onet.pl/kraj/jacek-wilk-zlozyl-w-pkw-podpisy-do-rejestracji-w-wyborach-prezydenckich/8eplm8" "499646073441042_835094773229502" 227 10 9
"499646073441042" "Jacek Wilk" "...a już po zataszczeniu do PKW 150 000 podpisów przyszło na Wilczą kolejne parawie 10 000 a wiele następnych tysięcy ciągle spływa! Do czwartku dobijemy do 200 000 !!   A na zdjęciu nasz bohater - Krajowy Koordynator Zbiórki Podpisów, Pan Michał Kakietek - który potrafi dokonywać rzeczy naprawdę niesamowitych i wycisnąć podpisy (i to w niespotykanych ilościach) dosłownie od każdego :-)) Brawa i ogromne podziękowania dla Pana Michała!! Takich ludzi jest oczywiście w KNP cała armia i w następnych dniach z pewnością o wielu z nich usłyszycie :-)" "2015-03-24T14:13:20+0000" "photo" "https://www.facebook.com/KrzysztofSzpanelewskiEuro2014/photos/a.865839460101000.1073741828.766243230060624/952978168053795/?type=1" "499646073441042_835024689903177" 80 4 0
"499646073441042" "Jacek Wilk" "Dziś pod PKW" "2015-03-24T13:19:33+0000" "photo" "https://www.facebook.com/JacekWilkPL/photos/a.635947089810939.1073741830.499646073441042/834998159905830/?type=1" "499646073441042_834998189905827" 325 27 16
"499646073441042" "Jacek Wilk" "...i mam nadzieję, że media publiczne nie będą dalej udawać, że nie ma innych kandydatów - poza postokrągłostołowymi!" "2015-03-24T10:15:35+0000" "photo" "https://www.facebook.com/NorbertCzarnekPolitician/photos/a.546605278787938.1073741828.546548145460318/742827219165742/?type=1" "499646073441042_834940166578296" 110 10 0
"499646073441042" "Jacek Wilk" "Gratuluję kolegom z Wrocławia! KNP zbierało podpisy na wszystkich kandydatów antysystemowych dając tym samym wyraźny, silny sygnał, że jesteśmy gotowi do współpracy środowisk, które chcą zmieniać Polskę!" "2015-03-23T19:52:05+0000" "video" "https://www.youtube.com/watch?v=Iqpw-wMsjY4" "499646073441042_834600536612259" 117 15 10
"499646073441042" "Jacek Wilk" "Jesteśmy gotowi, jutro rejestracja :-))" "2015-03-23T19:31:31+0000" "photo" "https://www.facebook.com/JacekWilkPL/photos/a.627127774026204.1073741827.499646073441042/834590833279896/?type=1" "499646073441042_834590909946555" 305 26 38
"499646073441042" "Jacek Wilk" "Jutro o 7.30 będę gościem pana redaktora Skowrońskiego w Radio Wnet; zapraszam do słuchania www.radiownet.pl" "2015-03-23T15:49:13+0000" "link" "http://www.radiownet.pl/" "499646073441042_834501873288792" 21 2 4
"499646073441042" "Jacek Wilk" "Dla zainteresowanych - można już obejrzeć videorelację z wczorajszej debaty:" "2015-03-23T14:56:28+0000" "video" "https://www.youtube.com/watch?v=BQPDD8D55wM" "499646073441042_834479343291045" 22 6 5
"499646073441042" "Jacek Wilk" "Wszystkim dziękuję za bardzo liczne przybycie, a niezależnym mediom - za rzetelną i merytoryczną relację! Miło mi również poinformować, że wygrałem w przeprowadzonym w trakcie debaty głosowniu na najlepszego kandydata. Bardzo dziękuję za fantastyczna dyskusję, super atmosferę i okazane zaufanie - oby wiecej takich debat w przyszłości!!" "2015-03-23T10:48:32+0000" "link" "http://wmeritum.pl/debata-antysystemowych-kandydatow-na-prezydenta-rp/" "499646073441042_834394183299561" 110 21 12
"499646073441042" "Jacek Wilk" "Polską można rządzić taniej - Jacek Wilk  Kolejny materiał Pomorska.TV na temat kandydatów w wyborach prezydenckich, zapraszam Państwa do zapoznania się z nim!   Jacek Wilk (...), kandydat Kongresu Nowej Prawicy na prezydenta Polski, zapowiada m.in. obniżenie kosztów funkcjonowania prezydenckiej kancelarii. Jego zdaniem, rządzić Polską można po prostu taniej.  - Trzeba radykalnie zmniejszyć wydatki państwa - mówi Jacek Wilk, kandydat Kongresu Nowej Prawicy na prezydenta RP. (...) .  http://www.pomorska.tv/informacje/materialy/polityka/najwazniejsza-jest-rodzina" "2015-04-07T19:49:25+0000" "link" "http://www.pomorska.tv/informacje/materialy/polityka/najwazniejsza-jest-rodzina" "499646073441042_841758922563087" 32 6 3
"499646073441042" "Jacek Wilk" "Wydawca wielu lokalnych gazet urządził  konkurs piękności  z okazji obecnej kampanii wyborczej, nazywając go  prawyborami prezydenckimi 2015 . Zapraszam więc do zabawy - oczywiście ułatwiając Państwu możliwość oddania głosu na moją kandydaturę:  woj. dolnośląskie http://www.gazetawroclawska.pl/plebiscyt/karta/jacek-wilk,26789,1380297,t,id,kid.html  woj. kujawsko-pomorskie http://plebiscyty.pomorska.pl/plebiscyt/karta/jacek-wilk,26791,1380321,t,id,kid.html  woj. łódzkie http://www.dzienniklodzki.pl/plebiscyt/karta/jacek-wilk,26797,1380401,t,id,kid.html  woj. lubelskie http://www.kurierlubelski.pl/plebiscyt/karta/jacek-wilk,26793,1380345,t,id,kid.html  woj. lubuskie http://plebiscyty.gazetalubuska.pl/plebiscyt/karta/jacek-wilk,26795,1380377,t,id,kid.html  woj. małopolskie http://www.gazetakrakowska.pl/plebiscyt/karta/jacek-wilk,26799,1380425,t,id,kid.html  woj. mazowieckie http://www.polskatimes.pl/plebiscyt/karta/jacek-wilk,26801,1380449,t,id,kid.html  woj. opolskie http://plebiscyty.nto.pl/plebiscyt/karta/jacek-wilk,26803,1380473,t,id,kid.html  woj. podkarpackie http://plebiscyty.nowiny24.pl/plebiscyt/karta/jacek-wilk,26811,1380773,t,id,kid.html  woj. podlaskie http://plebiscyty.poranny.pl/plebiscyt/karta/jacek-wilk,26813,1380799,t,id,kid.html  woj. pomorskie: http://www.dziennikbaltycki.pl/plebiscyt/karta/jacek-wilk,26815,1380821,t,id,kid.html  woj.śląskie http://www.dziennikzachodni.pl/plebiscyt/karta/jacek-wilk,26817,1380843,t,id,kid.html  woj. świętokrzyskie http://plebiscyty.echodnia.eu/plebiscyt/karta/jacek-wilk,26819,1380873,t,id,kid.html  woj. warmińsko-mazurskie http://www.polskatimes.pl/plebiscyt/karta/jacek-wilk,26821,1380895,t,id,kid.html  woj. wielkopolskie http://www.gloswielkopolski.pl/plebiscyt/karta/jacek-wilk,26823,1380923,t,id,kid.html  woj. zachodniopomorskie http://plebiscyty.gp24.pl/plebiscyt/karta/jacek-wilk,26825,1380953,t,id,kid.html" "2015-04-04T19:09:43+0000" "link" "http://www.gazetawroclawska.pl/plebiscyt/karta/jacek-wilk,26789,1380297,t,id,kid.html" "499646073441042_840366759368970" 30 13 16
"499646073441042" "Jacek Wilk" "Oczywiście byliśmy dzisiaj ze święconką..." "2015-04-04T17:11:27+0000" "photo" "https://www.facebook.com/JacekWilkPL/photos/a.627127774026204.1073741827.499646073441042/840329706039342/?type=1" "499646073441042_840330026039310" 242 8 6
"499646073441042" "Jacek Wilk" "Czas świąt Zmartwychwstania Pańskiego jest okresem radości, umocnienia wiary i nieustanną nadzieją dla wszystkich chrześcijan. Przeżywamy je wraz z najbliższymi, pamiętając o przeszłych pokoleniach, które zasnęły w Panu i życząc wszystkim obfitości łask Bożych - czego i Państwu życzę...  Wesołego Alleluja!" "2015-04-04T12:29:19+0000" "photo" "https://www.facebook.com/JacekWilkPL/photos/a.627127774026204.1073741827.499646073441042/840171419388504/?type=1" "499646073441042_840174666054846" 73 4 3
"499646073441042" "Jacek Wilk" "Nagranie wczorajszego TAK czy NIE - zapraszam do obejrzenia (np. między przygotowywaniem sałatki a pieczeniem ciasta) :-)" "2015-04-04T12:13:10+0000" "video" "https://www.facebook.com/video.php?v=806260919467059" "499646073441042_840169619388684" 37 7 0
"499646073441042" "Jacek Wilk" "Backstage dzisiejszej sesji zdjęciowej - efekty wkrótce :-))  A za pół godziny w TAK czy NIE w Polsat News!" "2015-04-03T18:57:55+0000" "photo" "https://www.facebook.com/JacekWilkPL/photos/a.627127774026204.1073741827.499646073441042/839870749418571/?type=1" "499646073441042_839870999418546" 73 9 1
"499646073441042" "Jacek Wilk" "Jest już mój występ w Superstacji." "2015-04-03T16:04:23+0000" "video" "https://www.facebook.com/video.php?v=806096569483494" "499646073441042_839801489425497" 34 7 0
"499646073441042" "Jacek Wilk" "Zapraszam na 21.30 do programu TAK CZY NIE (Polsat News).  Będę rozmawiał z szefem Krajowego Centrum Bezpieczeństwa Ruchu Drogowego panem Jackiem Zalewskim nt nowelizacji i zaostrzenia przepisów - kary za przekroczenie prędkości - w tym zabierania prawa jazdy na 3 miesiące za przekroczenie 50km/h.   Będzie to więc rozmowa o tym czy warto wciąż zaostrzać przepisy i aż tak mocno karać obywateli.   ZAPRASZAM!" "2015-04-03T14:29:01+0000" "status" NA "499646073441042_839763372762642" 61 11 6
"499646073441042" "Jacek Wilk" "O 16.00 będę w programie  Raport  tv Superstacja. Będzie o kolejnych odsłonach afery podsłuchowej. Zapraszam!" "2015-04-03T11:11:16+0000" "status" NA "499646073441042_839701162768863" 27 2 2
"499646073441042" "Jacek Wilk" "Relacja KNPWEBTV z dzisiejszej konferencji prasowej:  Rząd Platformy jedynie trwa, a gromadzą się ciemne chmury burzowe - Jacek Wilk, kandydat Kongresu Nowej Prawicy na prezydenta RP, konferencja prasowa podsumowująca półroczny okres rządu premierki Ewy Kopacz https://www.youtube.com/watch?v=jXdoyagEsO8  Polecam Państwa uwadze profil telewizji internetowej KNPWEBTV, która relacjonuje wydarzenia z mojej kampanii: https://www.facebook.com/KNPWEBTV" "2015-04-02T18:21:39+0000" "video" "https://www.youtube.com/watch?v=jXdoyagEsO8" "499646073441042_839386956133617" 48 9 18
"499646073441042" "Jacek Wilk" "Trwa spotkanie w Białymstoku..." "2015-04-01T15:50:25+0000" "photo" "https://www.facebook.com/JacekWilkPL/photos/a.627127774026204.1073741827.499646073441042/838789052860074/?type=1" "499646073441042_838789192860060" 100 30 0
"499646073441042" "Jacek Wilk" "Relacja TVP Info z dzisiejszego programu.   Cały program do obejrzenia tutaj: http://vod.tvp.pl/audycje/publicystyka/polityka-przy-kawie/wideo/01042015-0815/19219085" "2015-04-01T09:23:51+0000" "link" "http://www.tvp.info/19489678/in-vitro-jest-calkowitym-pogwalceniem-praw-natury-nie-mozna-ludziom-lamac-sumienia-i-zmuszac-do-wspolfinansowania" "499646073441042_838661152872864" 80 31 20
"499646073441042" "Jacek Wilk" "Pierwszy - najtrudniejszy - etap kampanii już za nami, teraz drugi - najważniejszy! My nie mamy - jak partie głównego nurtu - milionów na kampanię skradzionych Wam w podatkch. Jesteśmy silni tylko pomocą naszych sympatyków. Każdy z Was może pomóc - tak jak ważny był KAŻDY podpis, tak samo ważna jest KAŻDA złotówka! To jak, uzbieramy razem co najmniej tyle samo złotówek co podpisów? Bardzo Was proszę o pomoc!" "2015-03-31T19:49:52+0000" "photo" "https://www.facebook.com/JacekWilkPL/photos/a.627127774026204.1073741827.499646073441042/838411072897872/?type=1" "499646073441042_838411252897854" 41 11 22
"499646073441042" "Jacek Wilk" "Mój konkurent, pan Andrzej Duda, stwierdził dziś, że musimy przywrócić Polskę na drogę rozwoju gospodarczego.   Pełna zgoda.  Z tym, że zrobić to mogą jedynie niskie podatki, wolność gospodarcza i przejrzyste prawo, a nie PiSowski socjalizm." "2015-03-31T18:41:35+0000" "photo" "https://www.facebook.com/JacekWilkPL/photos/a.627127774026204.1073741827.499646073441042/838386716233641/?type=1" "499646073441042_838386746233638" 391 12 53
"499646073441042" "Jacek Wilk" "Jutro o 8.15 będę w TVP 1. Będę miał zaszczyt wystąpić razem z Marianem Kowalskim z Ruchu Narodowego. Zapraszam!" "2015-03-31T15:00:32+0000" "status" NA "499646073441042_838296022909377" 114 18 8
"499646073441042" "Jacek Wilk" "Podatki dochodowe muszą być zlikwidowane, bo bardziej wszystkim szkodzą i przynoszą państwu mniejszy zysk niż korzyści - przekonuje kandydat Kongresu Nowej Prawicy Jacek Wilk.   Zapraszam do odsłuchania mojego występu w Polskim Radiu." "2015-03-31T12:50:47+0000" "link" "http://www.polskieradio.pl/7/15/Artykul/1411220,Jacek-Wilk-praca-opodatkowana-w-Polsce-jak-wodka" "499646073441042_838242689581377" 138 12 20
"499646073441042" "Jacek Wilk" "O 12:20 zapraszam do Polskiego Radia program 1" "2015-03-31T07:23:01+0000" "status" NA "499646073441042_838163606255952" 30 2 1
"499646073441042" "Jacek Wilk" "Ekonomiści szacują, że dzięki spadkowi ceny ropy w kieszeni konsumentów zostanie prawie 4,4 mld zł, a firmy będą mogły w tym czasie wydać na inwestycje dodatkowe około 2,8 mld zł. W tym wariancie tylko dzięki spadkowi cen ropy realna konsumpcja prywatna w Polsce w latach 2014-16 wzrośnie łącznie o 0,4 proc. wobec poziomu z 2013 r., a realne inwestycje ogółem w latach 2014-16 będą łącznie wyższe o 0,8 proc. w stosunku do 2013 r. Spowoduje to wzrost PKB w tym okresie — o 0,6 proc.  A teraz wyobraźmy sobie, jakie skutki przyniosłaby obniżka akcyzy i podatków, które stanowią około połowę ceny paliw. Niestety do naszych rządzących nie docierają najprostsze prawdy ekonomiczne." "2015-03-30T11:23:57+0000" "link" "http://www.pb.pl/4041198,36357,ile-zarobimy-na-taniej-ropie" "499646073441042_837766119629034" 277 11 53
"499646073441042" "Jacek Wilk" "Informuję, że p. Krzysztof Szpanelewski podał się do dymisji i nie pełni już funkcji szefa sztabu mojej kampanii. Dziękuję p. Szpanelewskiemu za dotychczasową współpracę." "2015-03-29T14:14:03+0000" "status" NA "499646073441042_837332013005778" 202 39 3
"499646073441042" "Jacek Wilk" "Konferencja prasowa w Gdańsku" "2015-03-28T13:24:45+0000" "photo" "https://www.facebook.com/JacekWilkPL/photos/a.635947089810939.1073741830.499646073441042/836850646387248/?type=1" "499646073441042_836850689720577" 57 10 3
"499646073441042" "Jacek Wilk" "Zapraszam na dzisiejsze spotkania w Gdyni i Gdańsku https://www.facebook.com/events/883103961753137/ https://www.facebook.com/events/348996258625633/" "2015-03-28T10:51:11+0000" "event" "https://www.facebook.com/events/348996258625633/" "499646073441042_836804776391835" 18 3 0
"499646073441042" "Jacek Wilk" "Jutro o 10 będę w Bytowie." "2015-03-27T22:38:34+0000" "photo" "https://www.facebook.com/JacekWilkPL/photos/a.635947089810939.1073741830.499646073441042/836607719744874/?type=1" "499646073441042_836607756411537" 19 1 1
"499646073441042" "Jacek Wilk" "Pan Maciej napisał swego czasu, że nie wierzy w to, że uda mi się zarejestrować, a jeśli tego dokonam, to podeśle swoje zdjęcie w spódnicy. Dotrzymał obietnicy, co się ceni :-))" "2015-03-27T20:57:34+0000" "photo" "https://www.facebook.com/JacekWilkPL/photos/a.627127774026204.1073741827.499646073441042/836573039748342/?type=1" "499646073441042_836577853081194" 275 29 4
"499646073441042" "Jacek Wilk" "Do zobaczenia jutro!" "2015-03-27T16:52:21+0000" "photo" "https://www.facebook.com/KongresNowejPrawicy/photos/a.723611384346104.1073741846.204922816214966/964424866931420/?type=1" "499646073441042_836500363088943" 31 7 0
"499646073441042" "Jacek Wilk" "PKW oficjalnie zarejestrowała już moją kandydaturę, a więc jest już pewne, że 10 maja moje nazwisko znajdzie się na karcie wyborczej!  Dziękuję wszystkim, którzy pomagali w zbiórce podpisów, dzięki czemu udało się nam to osiągnąć. Przed nami teraz ciężki okres właściwej kampanii wyborczej!  PS. Gdzie ten Pan, co obiecywał zdjęcie w sukience? :-))" "2015-03-26T14:57:59+0000" "photo" "https://www.facebook.com/JacekWilkPL/photos/a.627127774026204.1073741827.499646073441042/835978139807832/?type=1" "499646073441042_835979419807704" 215 28 24
"499646073441042" "Jacek Wilk" "...a tak w ogóle to podpisy już policzone (PKW skończyła liczyć wczoraj ok. 20.00; odrzucono tylko ok 0,5% podpisów!); czekamy na uchwałę PKW!" "2015-03-26T08:46:50+0000" "status" NA "499646073441042_835866329819013" 99 18 3
"499646073441042" "Jacek Wilk" "Jutro o 7.35 będę gościem pana redaktora Bartosza Kurka w telewizji Polsat News. Zapraszam ranne ptaszki przed teleodbiorniki :-)" "2015-03-25T22:05:40+0000" "status" NA "499646073441042_835664043172575" 41 10 0
"499646073441042" "Jacek Wilk" "Dla nas - żadna nowa wiadomość.  Dlatego jeśli nie możemy póki co całkowicie znieść podatków dochodowych, to postuluję ustanowienie kwoty wolnej od podatku na poziomie najwyższym w Europie!" "2015-03-25T20:56:26+0000" "link" "http://www.polskieradio.pl/42/276/Artykul/1406867,Podatki-wypychaja-mlodych-Polakow-na-emigracje" "499646073441042_835645193174460" 83 6 11
"499646073441042" "Jacek Wilk" "A tu do wysłuchania moja wizyta w Radio Plus." "2015-03-25T19:49:00+0000" "link" "http://www.radioplus.pl/program-czytaj/1163/89436/gosciem_sedna_sprawy_byl_jacek_wilk_kandydat_na_prezydenta_rp" "499646073441042_835613723177607" 31 12 5
"499646073441042" "Jacek Wilk" "Czego to ludzie nie wymyślą..." "2015-03-25T14:32:16+0000" "link" "https://www.facebook.com/misjakapitalizm/posts/452146841605471" "499646073441042_835486233190356" 20 19 0
"499646073441042" "Jacek Wilk" "...a tu pełna relacja z wczorajszej konferencji pod PKW:" "2015-03-25T14:15:17+0000" "video" "https://www.facebook.com/video.php?v=962573693783204" "499646073441042_835480253190954" 33 5 0
"499646073441042" "Jacek Wilk" "TAK TAK - KNP jest pierwszą w historii Polski partią, której dwóch członków wystartowało JEDNOCZEŚNIE w wyborach na Prezydenta RP :-)) I kto jest debeściakiem??? :-)))" "2015-03-25T13:29:20+0000" "link" "http://www.mpolska24.pl/post/8396/tego-jeszcze-nie-bylo-dwoch-kandydatow-z-jednej-partii" "499646073441042_835461543192825" 176 34 11
"499646073441042" "Jacek Wilk" "Wieści z placu boju (liczenie podpisów): PKW ODRZUCA MNIEJ NIŻ PÓŁ PROCENTA PODPISÓW! Osoby liczące mówią, że nasze podpisy są  genialne  :-))) (niedługo koniec liczenia). Tym większe podziękowania dla wszystkich, którzy przeprowadzali zbiórkę w terenia, lokalnych koordynatorów oraz naszych Mistrzów w Centrali!" "2015-03-25T13:23:34+0000" "photo" "https://www.facebook.com/456123517872167/photos/a.458911174260068.1073741828.456123517872167/480430872108098/?type=1" "499646073441042_835459543193025" 42 3 0
"499646073441042" "Jacek Wilk" "Jutro o 8.45 bede w radio PLUS; zapraszam do słuchania" "2015-03-24T18:26:07+0000" "status" NA "499646073441042_835121453226834" 44 5 1
"499646073441042" "Jacek Wilk" "Onet.pl z lekkim niedowierzaniem (bezcenne :-)):" "2015-03-24T17:06:53+0000" "link" "http://wiadomosci.onet.pl/kraj/jacek-wilk-zlozyl-w-pkw-podpisy-do-rejestracji-w-wyborach-prezydenckich/8eplm8" "499646073441042_835094773229502" 227 10 9
"499646073441042" "Jacek Wilk" "...a już po zataszczeniu do PKW 150 000 podpisów przyszło na Wilczą kolejne parawie 10 000 a wiele następnych tysięcy ciągle spływa! Do czwartku dobijemy do 200 000 !!   A na zdjęciu nasz bohater - Krajowy Koordynator Zbiórki Podpisów, Pan Michał Kakietek - który potrafi dokonywać rzeczy naprawdę niesamowitych i wycisnąć podpisy (i to w niespotykanych ilościach) dosłownie od każdego :-)) Brawa i ogromne podziękowania dla Pana Michała!! Takich ludzi jest oczywiście w KNP cała armia i w następnych dniach z pewnością o wielu z nich usłyszycie :-)" "2015-03-24T14:13:20+0000" "photo" "https://www.facebook.com/KrzysztofSzpanelewskiEuro2014/photos/a.865839460101000.1073741828.766243230060624/952978168053795/?type=1" "499646073441042_835024689903177" 80 4 0
"499646073441042" "Jacek Wilk" "Dziś pod PKW" "2015-03-24T13:19:33+0000" "photo" "https://www.facebook.com/JacekWilkPL/photos/a.635947089810939.1073741830.499646073441042/834998159905830/?type=1" "499646073441042_834998189905827" 325 27 16
"499646073441042" "Jacek Wilk" "...i mam nadzieję, że media publiczne nie będą dalej udawać, że nie ma innych kandydatów - poza postokrągłostołowymi!" "2015-03-24T10:15:35+0000" "photo" "https://www.facebook.com/NorbertCzarnekPolitician/photos/a.546605278787938.1073741828.546548145460318/742827219165742/?type=1" "499646073441042_834940166578296" 110 10 0
"499646073441042" "Jacek Wilk" "Gratuluję kolegom z Wrocławia! KNP zbierało podpisy na wszystkich kandydatów antysystemowych dając tym samym wyraźny, silny sygnał, że jesteśmy gotowi do współpracy środowisk, które chcą zmieniać Polskę!" "2015-03-23T19:52:05+0000" "video" "https://www.youtube.com/watch?v=Iqpw-wMsjY4" "499646073441042_834600536612259" 117 15 10
"499646073441042" "Jacek Wilk" "Jesteśmy gotowi, jutro rejestracja :-))" "2015-03-23T19:31:31+0000" "photo" "https://www.facebook.com/JacekWilkPL/photos/a.627127774026204.1073741827.499646073441042/834590833279896/?type=1" "499646073441042_834590909946555" 305 26 38
"499646073441042" "Jacek Wilk" "Jutro o 7.30 będę gościem pana redaktora Skowrońskiego w Radio Wnet; zapraszam do słuchania www.radiownet.pl" "2015-03-23T15:49:13+0000" "link" "http://www.radiownet.pl/" "499646073441042_834501873288792" 21 2 4
"499646073441042" "Jacek Wilk" "Dla zainteresowanych - można już obejrzeć videorelację z wczorajszej debaty:" "2015-03-23T14:56:28+0000" "video" "https://www.youtube.com/watch?v=BQPDD8D55wM" "499646073441042_834479343291045" 22 6 5
"499646073441042" "Jacek Wilk" "Wszystkim dziękuję za bardzo liczne przybycie, a niezależnym mediom - za rzetelną i merytoryczną relację! Miło mi również poinformować, że wygrałem w przeprowadzonym w trakcie debaty głosowniu na najlepszego kandydata. Bardzo dziękuję za fantastyczna dyskusję, super atmosferę i okazane zaufanie - oby wiecej takich debat w przyszłości!!" "2015-03-23T10:48:32+0000" "link" "http://wmeritum.pl/debata-antysystemowych-kandydatow-na-prezydenta-rp/" "499646073441042_834394183299561" 110 21 12
