"from_id" "from_name" "message" "created_time" "type" "link" "id" "likes_count" "comments_count" "shares_count"
"469702339755768" "Paweł Tanajno" "Kliknij razy kilka...............  http://www.polskatimes.pl/plebiscyt/wybory-prezydenckie-2015-kandydaci-na-prezydenta-kto-powinien-zostac-prezydentem-glosowanie,26785,t,id.html?cookie=1" "2015-04-04T12:02:16+0000" "link" "http://www.polskatimes.pl/plebiscyt/wybory-prezydenckie-2015-kandydaci-na-prezydenta-kto-powinien-zostac-prezydentem-glosowanie,26785,t,id.html?cookie=1" "469702339755768_908885955837402" 6 2 0
"469702339755768" "Paweł Tanajno" "WIELKANOCNE IDIOTYZMY KORWINA  Nasz narodowy mistrz stosowania zasady  Nie znam się, ale się wypowiem  popełnił takowy wpis : https://www.facebook.com/janusz.korwin.mikke/photos/a.10150563803222060.370988.277681892059/10152751682432060/?type=1&fref=nf  Nie omieszkałem skomentować : Jeśli już wchodzimy na grunt religijny i mieszamy w to politykę, to trzeba jasno napisać, że Janusz Korwin-Mikke wykazuję, jak zwykle daleko idący populizmem opartym na idiotyzmie własnym lub w jego uznaniu idiotyzmie odbiorców tez kroWINA. Otóż według pisma świętego śmierć Jezusa nie była wolą ludzi tylko wypełnieniem proroctw zapisanych w pismach starego testamentu, była wolą jego Ojca (chodzi o Boga a nie Ojca Korwina). Konkludując - ukrzyżowanie Jezusa to dowód na mądrość tłumu, który wypełnił w ten sposób wolę bożą." "2015-04-03T09:55:34+0000" "photo" "https://www.facebook.com/janusz.korwin.mikke/photos/a.10150563803222060.370988.277681892059/10152751682432060/?type=1" "469702339755768_908350995890898" 20 19 0
"469702339755768" "Paweł Tanajno" "żyjemy w takiej epoce, że trudno jest umierać za polityków ................... Bronisław Komorowski czy Andrzej Duda niech sobie sami wyślą swoje partyjne szeregi na pierwszy front do Donbasu i niech dadzą obywatelom przykład jak zwyciężać mamy . - Paweł Tanajno kandydat Demokracji Bezpośredniej na prezydenta Polski w sprawie poboru do wojska." "2015-04-02T15:40:02+0000" "link" "http://www.polskieradio.pl/7/473/Artykul/1412048,Banki-nie-wyplaca-dywidendy-Oby-to-nie-byla-kolejna-wydmuszka" "469702339755768_907970095928988" 18 0 0
"469702339755768" "Paweł Tanajno" "W drodze do radia" "2015-04-01T09:27:23+0000" "photo" "https://www.facebook.com/Pawel.Tanajno.publicznie/photos/a.827745750618090.1073741829.469702339755768/907402272652437/?type=1" "469702339755768_907402295985768" 47 4 2
"469702339755768" "Paweł Tanajno" "Dzisiaj o 12:15 będę w  programie pierwszym polskiego radia. Jedynka - magazyn :Z KRAJU I ZE ŚWIATA" "2015-04-01T05:54:21+0000" "status" NA "469702339755768_907352839324047" 5 0 3
"469702339755768" "Paweł Tanajno" "Nawet nie widziałem, że mam tak ciekawą sylwetkę.  http://www.polskieradio.pl/5/3/Artykul/1409393,Wybory-prezydenckie-2015-Pawel-Tanajno-[sylwetka]" "2015-04-01T05:53:48+0000" "link" "http://www.polskieradio.pl/5/3/Artykul/1409393,Wybory-prezydenckie-2015-Pawel-Tanajno-[sylwetka" "469702339755768_907352685990729" 5 0 9
"469702339755768" "Paweł Tanajno" "Mówią, że kandydat Demokracja Bezpośrednia na prezydenta Paweł Tanajno nie ma szans, bo cały jego elektorat zabiera Paweł Kukiz i KorWIN.  Takie twierdzenie, to wyraz całkowitego nie zrozumienia oferty Demokracji Bezpośredniej, która głosami swoich sympatyków, zdecydowała, aby nie popierać żadnych wodzów-gwiazdorów, tylko zwykłego obywatela - Pawła Tanajno.  Nasz projekt jest skierowany do tej części obywateli,wyborców, którzy mają już dość wodzów, partyjnych lub bezpartyjnych - ale jednak wodzów, jednoosobowych,  wszystko decyzyjnych .  Wyborcy Demokracji Bezpośredniej chcą zagłosować na kogoś, kto żyje tak samo jak Oni i nie będzie  gwiazdorzył  jako prezydent. Chcą mieć posłusznego prezydenta a nie prezydenta z ego wielkości słońca, którego blask oślepia maluczkich.  Mówiąc w skrócie, oferta Demokracji Bezpośredniej jest skierowana do obywateli, którzy mają dość quazi niewolnictwa obywateli wobec ludzi władzy, i mają na tyle poczucia własnej wartości i mądrości, że są gotowi i chcą sami decydować o tym co się w państwie dzieje a polityków w tym prezydenta widzą jako posłusznego ich woli urzędnika a nie jako silnego niezależnego polityka.  Ponieważ kandydatura Korwina oraz Pawła Kukiza nie spełnia takich warunków, kandydat Demokracji Bezpośredniej Paweł Tanajno trafia do zupełnie innego elektoratu niż wskazani. Trafia do obywateli myślący progresywnie a nie konserwatywnie." "2015-03-31T06:19:44+0000" "status" NA "469702339755768_906914679367863" 39 15 114
"469702339755768" "Paweł Tanajno" "tej siły już nie zatrzymacie :-)" "2015-03-30T11:06:41+0000" "video" "https://www.youtube.com/watch?v=89g4XOqHv8w" "469702339755768_906527789406552" 19 5 0
"469702339755768" "Paweł Tanajno" "Przedsiębiorco - chcesz zmian na lepsze ? Oto kandydat, któremu Możesz zaufać, taki jak TY.  Pierwszy w historii Polski kandydat na prezydenta, który jest przedsiębiorcą z sektora MSP.  Od 25 lat dzieli razem z innymi przedsiębiorcami trudy prowadzenia działalności w Polsce. Nie opowiada bajek o zerowych podatkach, bo jako praktyk wie, że  BULem  jest niestabilne prawo podatkowe uchwalane przez polityków, którzy nie mają zielonego pojęcia o tym, jak to prawo jest stosowane w praktyce.  Więcej na stronie : http://tanajno.db.org.pl/przedsiebiorcy/" "2015-03-30T06:19:25+0000" "video" "https://www.youtube.com/watch?v=hcffOOeMymQ&feature=youtu.be" "469702339755768_906432682749396" 14 0 4
"469702339755768" "Paweł Tanajno" "Jak sie korWin za cos bierze to zawsze sie nie udaje. Przyszedl na stadion w drugiej polowie." "2015-03-29T20:43:18+0000" "status" NA "469702339755768_906239002768764" 22 9 0
"469702339755768" "Paweł Tanajno" "Stawiam na 2 do 0 dla Polski, a Wy?" "2015-03-29T18:46:14+0000" "status" NA "469702339755768_906201309439200" 5 5 0
"469702339755768" "Paweł Tanajno" "Zarejestrowałem. PKW podliczyło. 100 tys prawidłowych jest.  Dzięki wszystkim. I love you." "2015-03-28T16:40:25+0000" "status" NA "469702339755768_905518932840771" 54 10 17
"469702339755768" "Paweł Tanajno" "Franciszek TAK Polski Episkopat NIE Franciszek, prawdziwie progresywny papież, demoluje polski model katolika. Tak trzymać.  Czekam na ekskomunikę dla Rydzyka i Terlikowskiego." "2015-03-28T08:37:15+0000" "link" "http://wyborcza.pl/1,76842,14763042,Papiez_Franciszek__Chrzescijanin_nie_moze_byc_antysemita_.html#ixzz3V2w0Hobl" "469702339755768_905348482857816" 37 8 3
"469702339755768" "Paweł Tanajno" "Zmęczony, rozemocjonowany, szczęśliwy. 130 tys podpisów poparcia dla kandydatury prezydenta z ramienia Demokracji Bezpośredniej - Z Ł O Ż O  N E. Dziękuję wszystkim, którzy nadesłali podpisy. To Wasz sukces.  Paweł Tanajno oddaję Wam głos." "2015-03-26T18:38:57+0000" "status" NA "469702339755768_904599929599338" 47 18 23
"469702339755768" "Paweł Tanajno" "Poczynię ten nietakt i na swojej tablicy załączę link do filmu Magdaleny ale czuję się w obowiązku doradzić. Magdo, jak czytamy to patrzymy jednak w kamerę a nie uporczywie w  teleprompter , bo widać niestety że czytasz, zezujesz poza kamerę co myli wzrok widza.   A tak w ogóle, to warto modulować głos bo brzmisz jak Marzena z Automapy. Jak to usłyszałem to tylko czekałem na ostatnią frazę : Jesteś u celu.   https://www.youtube.com/watch?v=3O5gGyKG8U4&t=75" "2015-03-24T19:00:02+0000" "video" "https://www.youtube.com/watch?v=3O5gGyKG8U4&t=75" "469702339755768_903112913081373" 7 5 0
"469702339755768" "Paweł Tanajno" "Kliknij razy kilka...............  http://www.polskatimes.pl/plebiscyt/wybory-prezydenckie-2015-kandydaci-na-prezydenta-kto-powinien-zostac-prezydentem-glosowanie,26785,t,id.html?cookie=1" "2015-04-04T12:02:16+0000" "link" "http://www.polskatimes.pl/plebiscyt/wybory-prezydenckie-2015-kandydaci-na-prezydenta-kto-powinien-zostac-prezydentem-glosowanie,26785,t,id.html?cookie=1" "469702339755768_908885955837402" 6 2 0
"469702339755768" "Paweł Tanajno" "WIELKANOCNE IDIOTYZMY KORWINA  Nasz narodowy mistrz stosowania zasady  Nie znam się, ale się wypowiem  popełnił takowy wpis : https://www.facebook.com/janusz.korwin.mikke/photos/a.10150563803222060.370988.277681892059/10152751682432060/?type=1&fref=nf  Nie omieszkałem skomentować : Jeśli już wchodzimy na grunt religijny i mieszamy w to politykę, to trzeba jasno napisać, że Janusz Korwin-Mikke wykazuję, jak zwykle daleko idący populizmem opartym na idiotyzmie własnym lub w jego uznaniu idiotyzmie odbiorców tez kroWINA. Otóż według pisma świętego śmierć Jezusa nie była wolą ludzi tylko wypełnieniem proroctw zapisanych w pismach starego testamentu, była wolą jego Ojca (chodzi o Boga a nie Ojca Korwina). Konkludując - ukrzyżowanie Jezusa to dowód na mądrość tłumu, który wypełnił w ten sposób wolę bożą." "2015-04-03T09:55:34+0000" "photo" "https://www.facebook.com/janusz.korwin.mikke/photos/a.10150563803222060.370988.277681892059/10152751682432060/?type=1" "469702339755768_908350995890898" 21 19 0
"469702339755768" "Paweł Tanajno" "żyjemy w takiej epoce, że trudno jest umierać za polityków ................... Bronisław Komorowski czy Andrzej Duda niech sobie sami wyślą swoje partyjne szeregi na pierwszy front do Donbasu i niech dadzą obywatelom przykład jak zwyciężać mamy . - Paweł Tanajno kandydat Demokracji Bezpośredniej na prezydenta Polski w sprawie poboru do wojska." "2015-04-02T15:40:02+0000" "link" "http://www.polskieradio.pl/7/473/Artykul/1412048,Banki-nie-wyplaca-dywidendy-Oby-to-nie-byla-kolejna-wydmuszka" "469702339755768_907970095928988" 18 0 0
"469702339755768" "Paweł Tanajno" "W drodze do radia" "2015-04-01T09:27:23+0000" "photo" "https://www.facebook.com/Pawel.Tanajno.publicznie/photos/a.827745750618090.1073741829.469702339755768/907402272652437/?type=1" "469702339755768_907402295985768" 47 4 2
"469702339755768" "Paweł Tanajno" "Dzisiaj o 12:15 będę w  programie pierwszym polskiego radia. Jedynka - magazyn :Z KRAJU I ZE ŚWIATA" "2015-04-01T05:54:21+0000" "status" NA "469702339755768_907352839324047" 5 0 3
"469702339755768" "Paweł Tanajno" "Nawet nie widziałem, że mam tak ciekawą sylwetkę.  http://www.polskieradio.pl/5/3/Artykul/1409393,Wybory-prezydenckie-2015-Pawel-Tanajno-[sylwetka]" "2015-04-01T05:53:48+0000" "link" "http://www.polskieradio.pl/5/3/Artykul/1409393,Wybory-prezydenckie-2015-Pawel-Tanajno-[sylwetka" "469702339755768_907352685990729" 5 0 9
"469702339755768" "Paweł Tanajno" "Mówią, że kandydat Demokracja Bezpośrednia na prezydenta Paweł Tanajno nie ma szans, bo cały jego elektorat zabiera Paweł Kukiz i KorWIN.  Takie twierdzenie, to wyraz całkowitego nie zrozumienia oferty Demokracji Bezpośredniej, która głosami swoich sympatyków, zdecydowała, aby nie popierać żadnych wodzów-gwiazdorów, tylko zwykłego obywatela - Pawła Tanajno.  Nasz projekt jest skierowany do tej części obywateli,wyborców, którzy mają już dość wodzów, partyjnych lub bezpartyjnych - ale jednak wodzów, jednoosobowych,  wszystko decyzyjnych .  Wyborcy Demokracji Bezpośredniej chcą zagłosować na kogoś, kto żyje tak samo jak Oni i nie będzie  gwiazdorzył  jako prezydent. Chcą mieć posłusznego prezydenta a nie prezydenta z ego wielkości słońca, którego blask oślepia maluczkich.  Mówiąc w skrócie, oferta Demokracji Bezpośredniej jest skierowana do obywateli, którzy mają dość quazi niewolnictwa obywateli wobec ludzi władzy, i mają na tyle poczucia własnej wartości i mądrości, że są gotowi i chcą sami decydować o tym co się w państwie dzieje a polityków w tym prezydenta widzą jako posłusznego ich woli urzędnika a nie jako silnego niezależnego polityka.  Ponieważ kandydatura Korwina oraz Pawła Kukiza nie spełnia takich warunków, kandydat Demokracji Bezpośredniej Paweł Tanajno trafia do zupełnie innego elektoratu niż wskazani. Trafia do obywateli myślący progresywnie a nie konserwatywnie." "2015-03-31T06:19:44+0000" "status" NA "469702339755768_906914679367863" 40 15 115
"469702339755768" "Paweł Tanajno" "tej siły już nie zatrzymacie :-)" "2015-03-30T11:06:41+0000" "video" "https://www.youtube.com/watch?v=89g4XOqHv8w" "469702339755768_906527789406552" 19 5 0
"469702339755768" "Paweł Tanajno" "Przedsiębiorco - chcesz zmian na lepsze ? Oto kandydat, któremu Możesz zaufać, taki jak TY.  Pierwszy w historii Polski kandydat na prezydenta, który jest przedsiębiorcą z sektora MSP.  Od 25 lat dzieli razem z innymi przedsiębiorcami trudy prowadzenia działalności w Polsce. Nie opowiada bajek o zerowych podatkach, bo jako praktyk wie, że  BULem  jest niestabilne prawo podatkowe uchwalane przez polityków, którzy nie mają zielonego pojęcia o tym, jak to prawo jest stosowane w praktyce.  Więcej na stronie : http://tanajno.db.org.pl/przedsiebiorcy/" "2015-03-30T06:19:25+0000" "video" "https://www.youtube.com/watch?v=hcffOOeMymQ&feature=youtu.be" "469702339755768_906432682749396" 14 0 4
"469702339755768" "Paweł Tanajno" "Jak sie korWin za cos bierze to zawsze sie nie udaje. Przyszedl na stadion w drugiej polowie." "2015-03-29T20:43:18+0000" "status" NA "469702339755768_906239002768764" 22 9 0
"469702339755768" "Paweł Tanajno" "Stawiam na 2 do 0 dla Polski, a Wy?" "2015-03-29T18:46:14+0000" "status" NA "469702339755768_906201309439200" 5 5 0
"469702339755768" "Paweł Tanajno" "Zarejestrowałem. PKW podliczyło. 100 tys prawidłowych jest.  Dzięki wszystkim. I love you." "2015-03-28T16:40:25+0000" "status" NA "469702339755768_905518932840771" 54 10 17
"469702339755768" "Paweł Tanajno" "Franciszek TAK Polski Episkopat NIE Franciszek, prawdziwie progresywny papież, demoluje polski model katolika. Tak trzymać.  Czekam na ekskomunikę dla Rydzyka i Terlikowskiego." "2015-03-28T08:37:15+0000" "link" "http://wyborcza.pl/1,76842,14763042,Papiez_Franciszek__Chrzescijanin_nie_moze_byc_antysemita_.html#ixzz3V2w0Hobl" "469702339755768_905348482857816" 37 8 3
"469702339755768" "Paweł Tanajno" "Zmęczony, rozemocjonowany, szczęśliwy. 130 tys podpisów poparcia dla kandydatury prezydenta z ramienia Demokracji Bezpośredniej - Z Ł O Ż O  N E. Dziękuję wszystkim, którzy nadesłali podpisy. To Wasz sukces.  Paweł Tanajno oddaję Wam głos." "2015-03-26T18:38:57+0000" "status" NA "469702339755768_904599929599338" 47 18 23
"469702339755768" "Paweł Tanajno" "Poczynię ten nietakt i na swojej tablicy załączę link do filmu Magdaleny ale czuję się w obowiązku doradzić. Magdo, jak czytamy to patrzymy jednak w kamerę a nie uporczywie w  teleprompter , bo widać niestety że czytasz, zezujesz poza kamerę co myli wzrok widza.   A tak w ogóle, to warto modulować głos bo brzmisz jak Marzena z Automapy. Jak to usłyszałem to tylko czekałem na ostatnią frazę : Jesteś u celu.   https://www.youtube.com/watch?v=3O5gGyKG8U4&t=75" "2015-03-24T19:00:02+0000" "video" "https://www.youtube.com/watch?v=3O5gGyKG8U4&t=75" "469702339755768_903112913081373" 7 5 0
"469702339755768" "Paweł Tanajno" "W odpowiedzi na pytania Wolnych Konopi." "2015-04-07T10:42:34+0000" "photo" "https://www.facebook.com/Pawel.Tanajno.publicznie/photos/a.827692727290059.1073741828.469702339755768/910552839004047/?type=1" "469702339755768_910552925670705" 9 0 31
"469702339755768" "Paweł Tanajno" "I bardzo dobrze. Te ugrupowania polityczne powinny się połączyć bo są podobne. Natomiast Demokracja Bezpośrednia jest dla tych, którzy nie tolerują formacji politycznych opartych o wodzów - Kaczyńskiego, Korwina czy Kukiza.   My jesteśmy progresywni w tej materii. Wierzymy w społeczeństwo obywatelskie, które rządzi się samo, a nie w obywateli posłusznych i zapatrzonych w liderów." "2015-04-07T05:04:39+0000" "link" "http://wmeritum.pl/adam-hofman-wyobraza-sobie-koalicje-pis-korwin-kukiz-ma-szanse-zdobyc-wiekszosc-konstytucyjna/" "469702339755768_910476519011679" 18 4 1
"469702339755768" "Paweł Tanajno" "Kliknij razy kilka...............  http://www.polskatimes.pl/plebiscyt/wybory-prezydenckie-2015-kandydaci-na-prezydenta-kto-powinien-zostac-prezydentem-glosowanie,26785,t,id.html?cookie=1" "2015-04-04T12:02:16+0000" "link" "http://www.polskatimes.pl/plebiscyt/wybory-prezydenckie-2015-kandydaci-na-prezydenta-kto-powinien-zostac-prezydentem-glosowanie,26785,t,id.html?cookie=1" "469702339755768_908885955837402" 6 2 0
"469702339755768" "Paweł Tanajno" "WIELKANOCNE IDIOTYZMY KORWINA  Nasz narodowy mistrz stosowania zasady  Nie znam się, ale się wypowiem  popełnił takowy wpis : https://www.facebook.com/janusz.korwin.mikke/photos/a.10150563803222060.370988.277681892059/10152751682432060/?type=1&fref=nf  Nie omieszkałem skomentować : Jeśli już wchodzimy na grunt religijny i mieszamy w to politykę, to trzeba jasno napisać, że Janusz Korwin-Mikke wykazuję, jak zwykle daleko idący populizmem opartym na idiotyzmie własnym lub w jego uznaniu idiotyzmie odbiorców tez kroWINA. Otóż według pisma świętego śmierć Jezusa nie była wolą ludzi tylko wypełnieniem proroctw zapisanych w pismach starego testamentu, była wolą jego Ojca (chodzi o Boga a nie Ojca Korwina). Konkludując - ukrzyżowanie Jezusa to dowód na mądrość tłumu, który wypełnił w ten sposób wolę bożą." "2015-04-03T09:55:34+0000" "photo" "https://www.facebook.com/janusz.korwin.mikke/photos/a.10150563803222060.370988.277681892059/10152751682432060/?type=1" "469702339755768_908350995890898" 21 19 0
"469702339755768" "Paweł Tanajno" "żyjemy w takiej epoce, że trudno jest umierać za polityków ................... Bronisław Komorowski czy Andrzej Duda niech sobie sami wyślą swoje partyjne szeregi na pierwszy front do Donbasu i niech dadzą obywatelom przykład jak zwyciężać mamy . - Paweł Tanajno kandydat Demokracji Bezpośredniej na prezydenta Polski w sprawie poboru do wojska." "2015-04-02T15:40:02+0000" "link" "http://www.polskieradio.pl/7/473/Artykul/1412048,Banki-nie-wyplaca-dywidendy-Oby-to-nie-byla-kolejna-wydmuszka" "469702339755768_907970095928988" 18 0 0
"469702339755768" "Paweł Tanajno" "W drodze do radia" "2015-04-01T09:27:23+0000" "photo" "https://www.facebook.com/Pawel.Tanajno.publicznie/photos/a.827745750618090.1073741829.469702339755768/907402272652437/?type=1" "469702339755768_907402295985768" 48 4 2
"469702339755768" "Paweł Tanajno" "Dzisiaj o 12:15 będę w  programie pierwszym polskiego radia. Jedynka - magazyn :Z KRAJU I ZE ŚWIATA" "2015-04-01T05:54:21+0000" "status" NA "469702339755768_907352839324047" 5 0 3
"469702339755768" "Paweł Tanajno" "Nawet nie widziałem, że mam tak ciekawą sylwetkę.  http://www.polskieradio.pl/5/3/Artykul/1409393,Wybory-prezydenckie-2015-Pawel-Tanajno-[sylwetka]" "2015-04-01T05:53:48+0000" "link" "http://www.polskieradio.pl/5/3/Artykul/1409393,Wybory-prezydenckie-2015-Pawel-Tanajno-[sylwetka" "469702339755768_907352685990729" 5 0 9
"469702339755768" "Paweł Tanajno" "Mówią, że kandydat Demokracja Bezpośrednia na prezydenta Paweł Tanajno nie ma szans, bo cały jego elektorat zabiera Paweł Kukiz i KorWIN.  Takie twierdzenie, to wyraz całkowitego nie zrozumienia oferty Demokracji Bezpośredniej, która głosami swoich sympatyków, zdecydowała, aby nie popierać żadnych wodzów-gwiazdorów, tylko zwykłego obywatela - Pawła Tanajno.  Nasz projekt jest skierowany do tej części obywateli,wyborców, którzy mają już dość wodzów, partyjnych lub bezpartyjnych - ale jednak wodzów, jednoosobowych,  wszystko decyzyjnych .  Wyborcy Demokracji Bezpośredniej chcą zagłosować na kogoś, kto żyje tak samo jak Oni i nie będzie  gwiazdorzył  jako prezydent. Chcą mieć posłusznego prezydenta a nie prezydenta z ego wielkości słońca, którego blask oślepia maluczkich.  Mówiąc w skrócie, oferta Demokracji Bezpośredniej jest skierowana do obywateli, którzy mają dość quazi niewolnictwa obywateli wobec ludzi władzy, i mają na tyle poczucia własnej wartości i mądrości, że są gotowi i chcą sami decydować o tym co się w państwie dzieje a polityków w tym prezydenta widzą jako posłusznego ich woli urzędnika a nie jako silnego niezależnego polityka.  Ponieważ kandydatura Korwina oraz Pawła Kukiza nie spełnia takich warunków, kandydat Demokracji Bezpośredniej Paweł Tanajno trafia do zupełnie innego elektoratu niż wskazani. Trafia do obywateli myślący progresywnie a nie konserwatywnie." "2015-03-31T06:19:44+0000" "status" NA "469702339755768_906914679367863" 40 15 115
"469702339755768" "Paweł Tanajno" "tej siły już nie zatrzymacie :-)" "2015-03-30T11:06:41+0000" "video" "https://www.youtube.com/watch?v=89g4XOqHv8w" "469702339755768_906527789406552" 19 5 0
"469702339755768" "Paweł Tanajno" "Przedsiębiorco - chcesz zmian na lepsze ? Oto kandydat, któremu Możesz zaufać, taki jak TY.  Pierwszy w historii Polski kandydat na prezydenta, który jest przedsiębiorcą z sektora MSP.  Od 25 lat dzieli razem z innymi przedsiębiorcami trudy prowadzenia działalności w Polsce. Nie opowiada bajek o zerowych podatkach, bo jako praktyk wie, że  BULem  jest niestabilne prawo podatkowe uchwalane przez polityków, którzy nie mają zielonego pojęcia o tym, jak to prawo jest stosowane w praktyce.  Więcej na stronie : http://tanajno.db.org.pl/przedsiebiorcy/" "2015-03-30T06:19:25+0000" "video" "https://www.youtube.com/watch?v=hcffOOeMymQ&feature=youtu.be" "469702339755768_906432682749396" 14 0 4
"469702339755768" "Paweł Tanajno" "Jak sie korWin za cos bierze to zawsze sie nie udaje. Przyszedl na stadion w drugiej polowie." "2015-03-29T20:43:18+0000" "status" NA "469702339755768_906239002768764" 22 9 0
"469702339755768" "Paweł Tanajno" "Stawiam na 2 do 0 dla Polski, a Wy?" "2015-03-29T18:46:14+0000" "status" NA "469702339755768_906201309439200" 5 5 0
"469702339755768" "Paweł Tanajno" "Zarejestrowałem. PKW podliczyło. 100 tys prawidłowych jest.  Dzięki wszystkim. I love you." "2015-03-28T16:40:25+0000" "status" NA "469702339755768_905518932840771" 54 10 17
"469702339755768" "Paweł Tanajno" "Franciszek TAK Polski Episkopat NIE Franciszek, prawdziwie progresywny papież, demoluje polski model katolika. Tak trzymać.  Czekam na ekskomunikę dla Rydzyka i Terlikowskiego." "2015-03-28T08:37:15+0000" "link" "http://wyborcza.pl/1,76842,14763042,Papiez_Franciszek__Chrzescijanin_nie_moze_byc_antysemita_.html#ixzz3V2w0Hobl" "469702339755768_905348482857816" 37 8 3
"469702339755768" "Paweł Tanajno" "Zmęczony, rozemocjonowany, szczęśliwy. 130 tys podpisów poparcia dla kandydatury prezydenta z ramienia Demokracji Bezpośredniej - Z Ł O Ż O  N E. Dziękuję wszystkim, którzy nadesłali podpisy. To Wasz sukces.  Paweł Tanajno oddaję Wam głos." "2015-03-26T18:38:57+0000" "status" NA "469702339755768_904599929599338" 47 18 23
"469702339755768" "Paweł Tanajno" "Poczynię ten nietakt i na swojej tablicy załączę link do filmu Magdaleny ale czuję się w obowiązku doradzić. Magdo, jak czytamy to patrzymy jednak w kamerę a nie uporczywie w  teleprompter , bo widać niestety że czytasz, zezujesz poza kamerę co myli wzrok widza.   A tak w ogóle, to warto modulować głos bo brzmisz jak Marzena z Automapy. Jak to usłyszałem to tylko czekałem na ostatnią frazę : Jesteś u celu.   https://www.youtube.com/watch?v=3O5gGyKG8U4&t=75" "2015-03-24T19:00:02+0000" "video" "https://www.youtube.com/watch?v=3O5gGyKG8U4&t=75" "469702339755768_903112913081373" 7 5 0
